{
    "total_runtime": 212.28005623817444,
    "rules": {
        "run_susier": {
            "mean-runtime": 65.54738676548004,
            "min-runtime": 50.01704502105713,
            "max-runtime": 81.07772850990295
        },
        "build_ld_matrix": {
            "mean-runtime": 49.99447274208069,
            "min-runtime": 49.99447274208069,
            "max-runtime": 49.99447274208069
        },
        "export_summary": {
            "mean-runtime": 20.476030826568604,
            "min-runtime": 10.007615327835083,
            "max-runtime": 30.944446325302124
        },
        "ldscore_diagnostics": {
            "mean-runtime": 49.975658655166626,
            "min-runtime": 49.975658655166626,
            "max-runtime": 49.975658655166626
        },
        "qc_fix_ld_matrix": {
            "mean-runtime": 49.900049924850464,
            "min-runtime": 49.900049924850464,
            "max-runtime": 49.900049924850464
        },
        "run_cojo_iterative": {
            "mean-runtime": 39.901352405548096,
            "min-runtime": 39.901352405548096,
            "max-runtime": 39.901352405548096
        },
        "run_finemap": {
            "mean-runtime": 39.72181797027588,
            "min-runtime": 39.72181797027588,
            "max-runtime": 39.72181797027588
        }
    },
    "files": {
        "results/asian/08_susier/ARID3A/susier_credible_set.tsv": {
            "start-time": "Thu Apr 23 22:05:19 2026",
            "stop-time": "Thu Apr 23 22:06:09 2026",
            "duration": 50.01704502105713,
            "priority": 0,
            "resources": {
                "_cores": 1,
                "_nodes": 1,
                "mem_mb": 32000,
                "mem_mib": 30518,
                "disk_mb": 1000,
                "disk_mib": 954,
                "tmpdir": "<TBD>",
                "time": "00:30:00",
                "cores": 2
            }
        },
        "results/asian/08_susier/ARID3A/diagnostics.json": {
            "start-time": "Thu Apr 23 22:05:19 2026",
            "stop-time": "Thu Apr 23 22:06:09 2026",
            "duration": 50.01704502105713,
            "priority": 0,
            "resources": {
                "_cores": 1,
                "_nodes": 1,
                "mem_mb": 32000,
                "mem_mib": 30518,
                "disk_mb": 1000,
                "disk_mib": 954,
                "tmpdir": "<TBD>",
                "time": "00:30:00",
                "cores": 2
            }
        },
        "results/asian/08_susier/ARID3A/susier.done": {
            "start-time": "Thu Apr 23 22:05:19 2026",
            "stop-time": "Thu Apr 23 22:06:09 2026",
            "duration": 50.01704502105713,
            "priority": 0,
            "resources": {
                "_cores": 1,
                "_nodes": 1,
                "mem_mb": 32000,
                "mem_mib": 30518,
                "disk_mb": 1000,
                "disk_mib": 954,
                "tmpdir": "<TBD>",
                "time": "00:30:00",
                "cores": 2
            }
        },
        "results/disc/05_ld_matrix/ARID3A/ld_matrix.tsv": {
            "start-time": "Thu Apr 23 22:05:19 2026",
            "stop-time": "Thu Apr 23 22:06:09 2026",
            "duration": 49.99447274208069,
            "priority": 0,
            "resources": {
                "_cores": 1,
                "_nodes": 1,
                "mem_mb": 32000,
                "mem_mib": 30518,
                "disk_mb": 1000,
                "disk_mib": 954,
                "tmpdir": "<TBD>",
                "time": "00:30:00",
                "cores": 2
            }
        },
        "results/disc/05_ld_matrix/ARID3A/diagnostics.json": {
            "start-time": "Thu Apr 23 22:05:19 2026",
            "stop-time": "Thu Apr 23 22:06:09 2026",
            "duration": 49.99447274208069,
            "priority": 0,
            "resources": {
                "_cores": 1,
                "_nodes": 1,
                "mem_mb": 32000,
                "mem_mib": 30518,
                "disk_mb": 1000,
                "disk_mib": 954,
                "tmpdir": "<TBD>",
                "time": "00:30:00",
                "cores": 2
            }
        },
        "results/disc/05_ld_matrix/ARID3A/ld_matrix.done": {
            "start-time": "Thu Apr 23 22:05:19 2026",
            "stop-time": "Thu Apr 23 22:06:09 2026",
            "duration": 49.99447274208069,
            "priority": 0,
            "resources": {
                "_cores": 1,
                "_nodes": 1,
                "mem_mb": 32000,
                "mem_mib": 30518,
                "disk_mb": 1000,
                "disk_mib": 954,
                "tmpdir": "<TBD>",
                "time": "00:30:00",
                "cores": 2
            }
        },
        "results/asian/10_summary/ARID3A/summary.tsv": {
            "start-time": "Thu Apr 23 22:06:09 2026",
            "stop-time": "Thu Apr 23 22:06:19 2026",
            "duration": 10.007615327835083,
            "priority": 0,
            "resources": {
                "_cores": 1,
                "_nodes": 1,
                "mem_mb": 32000,
                "mem_mib": 30518,
                "disk_mb": 1000,
                "disk_mib": 954,
                "tmpdir": "<TBD>",
                "time": "00:30:00",
                "cores": 2
            }
        },
        "results/asian/10_summary/ARID3A/summary.xlsx": {
            "start-time": "Thu Apr 23 22:06:09 2026",
            "stop-time": "Thu Apr 23 22:06:19 2026",
            "duration": 10.007615327835083,
            "priority": 0,
            "resources": {
                "_cores": 1,
                "_nodes": 1,
                "mem_mb": 32000,
                "mem_mib": 30518,
                "disk_mb": 1000,
                "disk_mib": 954,
                "tmpdir": "<TBD>",
                "time": "00:30:00",
                "cores": 2
            }
        },
        "results/asian/10_summary/ARID3A/summary.done": {
            "start-time": "Thu Apr 23 22:06:09 2026",
            "stop-time": "Thu Apr 23 22:06:19 2026",
            "duration": 10.007615327835083,
            "priority": 0,
            "resources": {
                "_cores": 1,
                "_nodes": 1,
                "mem_mb": 32000,
                "mem_mib": 30518,
                "disk_mb": 1000,
                "disk_mib": 954,
                "tmpdir": "<TBD>",
                "time": "00:30:00",
                "cores": 2
            }
        },
        "results/disc/04_ldscore_plot/ARID3A/zscore_vs_ldscore.png": {
            "start-time": "Thu Apr 23 22:06:10 2026",
            "stop-time": "Thu Apr 23 22:06:59 2026",
            "duration": 49.975658655166626,
            "priority": 0,
            "resources": {
                "_cores": 1,
                "_nodes": 1,
                "mem_mb": 32000,
                "mem_mib": 30518,
                "disk_mb": 1000,
                "disk_mib": 954,
                "tmpdir": "<TBD>",
                "time": "00:30:00",
                "cores": 2
            }
        },
        "results/disc/04_ldscore_plot/ARID3A/correlation.tsv": {
            "start-time": "Thu Apr 23 22:06:10 2026",
            "stop-time": "Thu Apr 23 22:06:59 2026",
            "duration": 49.975658655166626,
            "priority": 0,
            "resources": {
                "_cores": 1,
                "_nodes": 1,
                "mem_mb": 32000,
                "mem_mib": 30518,
                "disk_mb": 1000,
                "disk_mib": 954,
                "tmpdir": "<TBD>",
                "time": "00:30:00",
                "cores": 2
            }
        },
        "results/disc/04_ldscore_plot/ARID3A/ldscore_plot.done": {
            "start-time": "Thu Apr 23 22:06:10 2026",
            "stop-time": "Thu Apr 23 22:06:59 2026",
            "duration": 49.975658655166626,
            "priority": 0,