{
    "total_runtime": 120.04629397392273,
    "rules": {
        "causal_snp_analysis": {
            "mean-runtime": 59.93022286891937,
            "min-runtime": 59.87978553771973,
            "max-runtime": 59.98066020011902
        },
        "causal_snp_analysis_all": {
            "mean-runtime": 60.05226516723633,
            "min-runtime": 60.05226516723633,
            "max-runtime": 60.05226516723633
        }
    },
    "files": {
        "results/asian/16_causal_snp_analysis/ARID5B/all_plots.pdf": {
            "start-time": "Mon Apr 27 21:57:58 2026",
            "stop-time": "Mon Apr 27 21:58:58 2026",
            "duration": 59.98066020011902,
            "priority": 0,
            "resources": {
                "_cores": 1,
                "_nodes": 1,
                "mem_mb": 64000,
                "mem_mib": 61036,
                "disk_mb": 1000,
                "disk_mib": 954,
                "tmpdir": "<TBD>",
                "time": "02:00:00",
                "cores": 2
            }
        },
        "results/asian/16_causal_snp_analysis/ARID5B/causal_snp_summary.xlsx": {
            "start-time": "Mon Apr 27 21:57:58 2026",
            "stop-time": "Mon Apr 27 21:58:58 2026",
            "duration": 59.98066020011902,
            "priority": 0,
            "resources": {
                "_cores": 1,
                "_nodes": 1,
                "mem_mb": 64000,
                "mem_mib": 61036,
                "disk_mb": 1000,
                "disk_mib": 954,
                "tmpdir": "<TBD>",
                "time": "02:00:00",
                "cores": 2
            }
        },
        "results/asian/16_causal_snp_analysis/ARID5B/causal_snp_analysis.done": {
            "start-time": "Mon Apr 27 21:57:58 2026",
            "stop-time": "Mon Apr 27 21:58:58 2026",
            "duration": 59.98066020011902,
            "priority": 0,
            "resources": {
                "_cores": 1,
                "_nodes": 1,
                "mem_mb": 64000,
                "mem_mib": 61036,
                "disk_mb": 1000,
                "disk_mib": 954,
                "tmpdir": "<TBD>",
                "time": "02:00:00",
                "cores": 2
            }
        },
        "results/disc/16_causal_snp_analysis/ARID5B/all_plots.pdf": {
            "start-time": "Mon Apr 27 21:57:58 2026",
            "stop-time": "Mon Apr 27 21:58:58 2026",
            "duration": 59.87978553771973,
            "priority": 0,
            "resources": {
                "_cores": 1,
                "_nodes": 1,
                "mem_mb": 64000,
                "mem_mib": 61036,
                "disk_mb": 1000,
                "disk_mib": 954,
                "tmpdir": "<TBD>",
                "time": "02:00:00",
                "cores": 2
            }
        },
        "results/disc/16_causal_snp_analysis/ARID5B/causal_snp_summary.xlsx": {
            "start-time": "Mon Apr 27 21:57:58 2026",
            "stop-time": "Mon Apr 27 21:58:58 2026",
            "duration": 59.87978553771973,
            "priority": 0,
            "resources": {
                "_cores": 1,
                "_nodes": 1,
                "mem_mb": 64000,
                "mem_mib": 61036,
                "disk_mb": 1000,
                "disk_mib": 954,
                "tmpdir": "<TBD>",
                "time": "02:00:00",
                "cores": 2
            }
        },
        "results/disc/16_causal_snp_analysis/ARID5B/causal_snp_analysis.done": {
            "start-time": "Mon Apr 27 21:57:58 2026",
            "stop-time": "Mon Apr 27 21:58:58 2026",
            "duration": 59.87978553771973,
            "priority": 0,
            "resources": {
                "_cores": 1,
                "_nodes": 1,
                "mem_mb": 64000,
                "mem_mib": 61036,
                "disk_mb": 1000,
                "disk_mib": 954,
                "tmpdir": "<TBD>",
                "time": "02:00:00",
                "cores": 2
            }
        },
        "results/16_causal_snp_analysis/all_causal_snp_analysis.done": {
            "start-time": "Mon Apr 27 21:58:58 2026",
            "stop-time": "Mon Apr 27 21:59:58 2026",
            "duration": 60.05226516723633,
            "priority": 0,
            "resources": {
                "_cores": 1,
                "_nodes": 1,
                "mem_mb": 1000,
                "mem_mib": 954,
                "disk_mb": 1000,
                "disk_mib": 954,
                "tmpdir": "<TBD>",
                "time": "00:10:00",
                "cores": 1
            }
        }
    }
}