{
    "total_runtime": 90.13459920883179,
    "rules": {
        "export_summary": {
            "mean-runtime": 29.966097116470337,
            "min-runtime": 29.925001859664917,
            "max-runtime": 30.007192373275757
        },
        "export_summary_all": {
            "mean-runtime": 60.108524799346924,
            "min-runtime": 60.108524799346924,
            "max-runtime": 60.108524799346924
        }
    },
    "files": {
        "results/asian/10_summary/ARID3A/summary.tsv": {
            "start-time": "Fri Apr 24 16:55:16 2026",
            "stop-time": "Fri Apr 24 16:55:46 2026",
            "duration": 30.007192373275757,
            "priority": 0,
            "resources": {
                "_cores": 1,
                "_nodes": 1,
                "mem_mb": 32000,
                "mem_mib": 30518,
                "disk_mb": 1000,
                "disk_mib": 954,
                "tmpdir": "<TBD>",
                "time": "00:30:00",
                "cores": 2
            }
        },
        "results/asian/10_summary/ARID3A/summary.xlsx": {
            "start-time": "Fri Apr 24 16:55:16 2026",
            "stop-time": "Fri Apr 24 16:55:46 2026",
            "duration": 30.007192373275757,
            "priority": 0,
            "resources": {
                "_cores": 1,
                "_nodes": 1,
                "mem_mb": 32000,
                "mem_mib": 30518,
                "disk_mb": 1000,
                "disk_mib": 954,
                "tmpdir": "<TBD>",
                "time": "00:30:00",
                "cores": 2
            }
        },
        "results/asian/10_summary/ARID3A/summary.done": {
            "start-time": "Fri Apr 24 16:55:16 2026",
            "stop-time": "Fri Apr 24 16:55:46 2026",
            "duration": 30.007192373275757,
            "priority": 0,
            "resources": {
                "_cores": 1,
                "_nodes": 1,
                "mem_mb": 32000,
                "mem_mib": 30518,
                "disk_mb": 1000,
                "disk_mib": 954,
                "tmpdir": "<TBD>",
                "time": "00:30:00",
                "cores": 2
            }
        },
        "results/disc/10_summary/ARID3A/summary.tsv": {
            "start-time": "Fri Apr 24 16:55:16 2026",
            "stop-time": "Fri Apr 24 16:55:46 2026",
            "duration": 29.925001859664917,
            "priority": 0,
            "resources": {
                "_cores": 1,
                "_nodes": 1,
                "mem_mb": 32000,
                "mem_mib": 30518,
                "disk_mb": 1000,
                "disk_mib": 954,
                "tmpdir": "<TBD>",
                "time": "00:30:00",
                "cores": 2
            }
        },
        "results/disc/10_summary/ARID3A/summary.xlsx": {
            "start-time": "Fri Apr 24 16:55:16 2026",
            "stop-time": "Fri Apr 24 16:55:46 2026",
            "duration": 29.925001859664917,
            "priority": 0,
            "resources": {
                "_cores": 1,
                "_nodes": 1,
                "mem_mb": 32000,
                "mem_mib": 30518,
                "disk_mb": 1000,
                "disk_mib": 954,
                "tmpdir": "<TBD>",
                "time": "00:30:00",
                "cores": 2
            }
        },
        "results/disc/10_summary/ARID3A/summary.done": {
            "start-time": "Fri Apr 24 16:55:16 2026",
            "stop-time": "Fri Apr 24 16:55:46 2026",
            "duration": 29.925001859664917,
            "priority": 0,
            "resources": {
                "_cores": 1,
                "_nodes": 1,
                "mem_mb": 32000,
                "mem_mib": 30518,
                "disk_mb": 1000,
                "disk_mib": 954,
                "tmpdir": "<TBD>",
                "time": "00:30:00",
                "cores": 2
            }
        },
        "results/10_summary/all_summaries.done": {
            "start-time": "Fri Apr 24 16:55:46 2026",
            "stop-time": "Fri Apr 24 16:56:46 2026",
            "duration": 60.108524799346924,
            "priority": 0,
            "resources": {
                "_cores": 1,
                "_nodes": 1,
                "mem_mb": 1000,
                "mem_mib": 954,
                "disk_mb": 1000,
                "disk_mib": 954,
                "tmpdir": "<TBD>",
                "time": "00:10:00",
                "cores": 1
            }
        }
    }
}