{
    "total_runtime": 131.77692198753357,
    "rules": {
        "build_ld_matrix": {
            "mean-runtime": 30.61730980873108,
            "min-runtime": 30.61730980873108,
            "max-runtime": 30.61730980873108
        },
        "qc_fix_ld_matrix": {
            "mean-runtime": 50.16198182106018,
            "min-runtime": 50.16198182106018,
            "max-runtime": 50.16198182106018
        },
        "run_finemap": {
            "mean-runtime": 50.32114839553833,
            "min-runtime": 50.32114839553833,
            "max-runtime": 50.32114839553833
        }
    },
    "files": {
        "results/disc/05_ld_matrix/ARID3A/ld_matrix.tsv": {
            "start-time": "Thu Apr 23 21:28:33 2026",
            "stop-time": "Thu Apr 23 21:29:03 2026",
            "duration": 30.61730980873108,
            "priority": 0,
            "resources": {
                "_cores": 1,
                "_nodes": 1,
                "mem_mb": 32000,
                "mem_mib": 30518,
                "disk_mb": 1000,
                "disk_mib": 954,
                "tmpdir": "<TBD>",
                "time": "00:30:00",
                "cores": 2
            }
        },
        "results/disc/05_ld_matrix/ARID3A/diagnostics.json": {
            "start-time": "Thu Apr 23 21:28:33 2026",
            "stop-time": "Thu Apr 23 21:29:03 2026",
            "duration": 30.61730980873108,
            "priority": 0,
            "resources": {
                "_cores": 1,
                "_nodes": 1,
                "mem_mb": 32000,
                "mem_mib": 30518,
                "disk_mb": 1000,
                "disk_mib": 954,
                "tmpdir": "<TBD>",
                "time": "00:30:00",
                "cores": 2
            }
        },
        "results/disc/05_ld_matrix/ARID3A/ld_matrix.done": {
            "start-time": "Thu Apr 23 21:28:33 2026",
            "stop-time": "Thu Apr 23 21:29:03 2026",
            "duration": 30.61730980873108,
            "priority": 0,
            "resources": {
                "_cores": 1,
                "_nodes": 1,
                "mem_mb": 32000,
                "mem_mib": 30518,
                "disk_mb": 1000,
                "disk_mib": 954,
                "tmpdir": "<TBD>",
                "time": "00:30:00",
                "cores": 2
            }
        },
        "results/disc/06_ld_qc/ARID3A/ld_matrix_qc.tsv": {
            "start-time": "Thu Apr 23 21:29:03 2026",
            "stop-time": "Thu Apr 23 21:29:54 2026",
            "duration": 50.16198182106018,
            "priority": 0,
            "resources": {
                "_cores": 1,
                "_nodes": 1,
                "mem_mb": 32000,
                "mem_mib": 30518,
                "disk_mb": 1000,
                "disk_mib": 954,
                "tmpdir": "<TBD>",
                "time": "00:30:00",
                "cores": 2
            }
        },
        "results/disc/06_ld_qc/ARID3A/diagnostics.json": {
            "start-time": "Thu Apr 23 21:29:03 2026",
            "stop-time": "Thu Apr 23 21:29:54 2026",
            "duration": 50.16198182106018,
            "priority": 0,
            "resources": {
                "_cores": 1,
                "_nodes": 1,
                "mem_mb": 32000,
                "mem_mib": 30518,
                "disk_mb": 1000,
                "disk_mib": 954,
                "tmpdir": "<TBD>",
                "time": "00:30:00",
                "cores": 2
            }
        },
        "results/disc/06_ld_qc/ARID3A/ld_qc.done": {
            "start-time": "Thu Apr 23 21:29:03 2026",
            "stop-time": "Thu Apr 23 21:29:54 2026",
            "duration": 50.16198182106018,
            "priority": 0,
            "resources": {
                "_cores": 1,
                "_nodes": 1,
                "mem_mb": 32000,
                "mem_mib": 30518,
                "disk_mb": 1000,
                "disk_mib": 954,
                "tmpdir": "<TBD>",
                "time": "00:30:00",
                "cores": 2
            }
        },
        "results/disc/07_finemap/ARID3A/finemap_credible_set.tsv": {
            "start-time": "Thu Apr 23 21:29:54 2026",
            "stop-time": "Thu Apr 23 21:30:44 2026",
            "duration": 50.32114839553833,
            "priority": 0,
            "resources": {
                "_cores": 1,
                "_nodes": 1,
                "mem_mb": 32000,
                "mem_mib": 30518,
                "disk_mb": 1000,
                "disk_mib": 954,
                "tmpdir": "<TBD>",
                "time": "00:30:00",
                "cores": 2
            }
        },
        "results/disc/07_finemap/ARID3A/diagnostics.json": {
            "start-time": "Thu Apr 23 21:29:54 2026",
            "stop-time": "Thu Apr 23 21:30:44 2026",
            "duration": 50.32114839553833,
            "priority": 0,
            "resources": {
                "_cores": 1,
                "_nodes": 1,
                "mem_mb": 32000,
                "mem_mib": 30518,
                "disk_mb": 1000,
                "disk_mib": 954,
                "tmpdir": "<TBD>",
                "time": "00:30:00",
                "cores": 2
            }
        },
        "results/disc/07_finemap/ARID3A/finemap.done": {
            "start-time": "Thu Apr 23 21:29:54 2026",
            "stop-time": "Thu Apr 23 21:30:44 2026",
            "duration": 50.32114839553833,
            "priority": 0,
            "resources": {
                "_cores": 1,
                "_nodes": 1,
                "mem_mb": 32000,
                "mem_mib": 30518,
                "disk_mb": 1000,
                "disk_mib": 954,
                "tmpdir": "<TBD>",
                "time": "00:30:00",
                "cores": 2
            }
        }
    }
}